{"docstore/metadata": {"ea703e3e-9f2c-491a-a959-9ac49a016cd1": {"doc_hash": "ca796e824703de7249eedde2bc71cb05ea1b44a86d0a1b15bf7bc6abe8e93f56"}, "633a2577-eda6-4f01-8d66-47601ad66b1c": {"doc_hash": "7c16639915b0ccc0201cbea51c6ea153b0f175ca9acf3156e5c06f6f82c82ba2", "ref_doc_id": "ea703e3e-9f2c-491a-a959-9ac49a016cd1"}}, "docstore/data": {"633a2577-eda6-4f01-8d66-47601ad66b1c": {"__data__": {"id_": "633a2577-eda6-4f01-8d66-47601ad66b1c", "embedding": null, "metadata": {"page_label": "1", "file_name": "Lorem_ipsum.pdf", "file_path": "D:\\Coding Projects FG\\AI PDFInquire\\my_app\\files\\Lorem_ipsum.pdf", "file_type": "application/pdf", "file_size": 70011, "creation_date": "2024-05-22", "last_modified_date": "2024-05-22"}, "excluded_embed_metadata_keys": ["file_name", "file_type", "file_size", "creation_date", "last_modified_date", "last_accessed_date"], "excluded_llm_metadata_keys": ["file_name", "file_type", "file_size", "creation_date", "last_modified_date", "last_accessed_date"], "relationships": {"1": {"node_id": "ea703e3e-9f2c-491a-a959-9ac49a016cd1", "node_type": "4", "metadata": {"page_label": "1", "file_name": "Lorem_ipsum.pdf", "file_path": "D:\\Coding Projects FG\\AI PDFInquire\\my_app\\files\\Lorem_ipsum.pdf", "file_type": "application/pdf", "file_size": 70011, "creation_date": "2024-05-22", "last_modified_date": "2024-05-22"}, "hash": "ca796e824703de7249eedde2bc71cb05ea1b44a86d0a1b15bf7bc6abe8e93f56", "class_name": "RelatedNodeInfo"}}, "text": "Test PDF  \nLorem Ipsum is simply dummy text of the printing and typesetting industry. Lorem Ipsum has been the \nindustry's standard dummy text ever since the 1500s, when an unknown printer took a galley of type \nand scrambled it to make a type specimen book. It has sur vived not only five centuries, but also the leap \ninto electronic typesetting, remaining essentially unchanged. It was popularised in the 1960s with the \nrelease of Letraset sheets containing Lorem Ipsum passages, and more recently with desktop publishing \nsoftware like Aldus PageMaker including versions of Lorem Ipsum.  \nLorem Ipsum is simply dummy text of the printing and typesetting industry. Lorem Ipsum has been the \nindustry's standard dummy text ever since the 1500s, when an unknown printer took a galley of type \nand scrambled it to make a type specimen book. It has survived not only five centuries, but also the leap \ninto electronic typesetting, remaining essentially unchanged. It was popularised in the 1960s with the \nrelease of Letraset sheets containing Lore m Ipsum passages, and more recently with desktop publishing \nsoftware like Aldus PageMaker including versions of Lorem Ipsum.  \nLorem Ipsum is simply dummy text of the printing and typesetting industry. Lorem Ipsum has been the \nindustry's standard dummy text e ver since the 1500s, when an unknown printer took a galley of type \nand scrambled it to make a type specimen book. It has survived not only five centuries, but also the leap \ninto electronic typesetting, remaining essentially unchanged. It was popularised in  the 1960s with the \nrelease of Letraset sheets containing Lorem Ipsum passages, and more recently with desktop publishing \nsoftware like Aldus PageMaker including versions of Lorem Ipsum.  \nLorem Ipsum is simply dummy text of the printing and typesetting indus try. Lorem Ipsum has been the \nindustry's standard dummy text ever since the 1500s, when an unknown printer took a galley of type \nand scrambled it to make a type specimen book. It has survived not only five centuries, but also the leap \ninto electronic types etting, remaining essentially unchanged. It was popularised in the 1960s with the \nrelease of Letraset sheets containing Lorem Ipsum passages, and more recently with desktop publishing \nsoftware like Aldus PageMaker including versions of Lorem Ipsum.", "start_char_idx": 0, "end_char_idx": 2342, "text_template": "{metadata_str}\n\n{content}", "metadata_template": "{key}: {value}", "metadata_seperator": "\n", "class_name": "TextNode"}, "__type__": "1"}}, "docstore/ref_doc_info": {"ea703e3e-9f2c-491a-a959-9ac49a016cd1": {"node_ids": ["633a2577-eda6-4f01-8d66-47601ad66b1c"], "metadata": {"page_label": "1", "file_name": "Lorem_ipsum.pdf", "file_path": "D:\\Coding Projects FG\\AI PDFInquire\\my_app\\files\\Lorem_ipsum.pdf", "file_type": "application/pdf", "file_size": 70011, "creation_date": "2024-05-22", "last_modified_date": "2024-05-22"}}}}